Guanosine,C10H13N5O5
glutathione,C10H17N3O6S
4-Trimethylammoniobutanoate,C7H15NO2
O-Acetylcarnitine,C9H17NO4
4-(beta-Acetylaminoethyl)imidazole,C7H11N3O
Pyridoxine,C8H11NO3
Isonicotinic acid,C6H5NO2
Creatinine,C4H7N3O
6-Methylaminopurine,C6H7N5
Betaine,C5H11NO2
Melatonin,C13H16N2O2
Thiopurine S-methylether,C6H6N4S
Acetylcholine,C7H15NO2
Nicotinamide,C6H6N2O
Deoxyadenosine,C10H13N5O3
Nicotinate,C6H5NO2
1-Aminopropan-2-ol,C3H9NO
lipoamide,C8H15NOS2
L-Carnitine,C7H15NO3
Imidazole-4-acetate,C5H6N2O2
L-isoleucine,C6H13NO2
cytosine,C4H5N3O
5'-Methylthioadenosine,C11H15N5O3S
Adenine,C5H5N5
Pantothenate,C9H17NO5
Adenosine,C10H13N5O4
L-Proline,C5H9NO2
5-Aminolevulinate,C5H9NO3
HEPES,C8H18N2O4S
2-Phenylglycine,C8H9NO2
Choline phosphate,C5H14NO4P
Choline,C5H13NO
Pyridoxal,C8H9NO3
Mercaptoethanol,C2H6OS
N2-Acetyl-L-lysine,C8H16N2O3
N(pi)-Methyl-L-histidine,C7H11N3O2
2-Aminobutan-4-olide,C4H7NO2
L-Methionine,C5H11NO2S
L-Leucine,C6H13NO2
5-Oxoproline,C5H7NO3
sn-glycero-3-Phosphocholine,C8H20NO6P
Cytidine,C9H13N3O5
O-Acetyl-L-serine,C5H9NO4
4-Aminobutanoate,C4H9NO2
trans-4-Hydroxy-L-proline,C5H9NO3
Inosine,C10H12N4O5
Hypoxanthine,C5H4N4O
L-Glutamine,C5H10N2O3
L-Histidine,C6H9N3O2
L-Valine,C5H11NO2
Eflornithine,C6H12F2N2O2
L-Phenylalanine,C9H11NO2
L-Tyrosine,C9H11NO3
L-Arginine,C6H14N4O2
Methylcysteine,C4H9NO2S
Guanine,C5H5N5O
L-homoserine,C4H9NO3
N-Acetylornithine,C7H14N2O3
Picolinic acid,C6H5NO2
L-Kynurenine,C10H12N2O3
beta-Alanine,C3H7NO2
N-Acetyl-D-glucosamine,C8H15NO6
L-Citrulline,C6H13N3O3
L-Tryptophan,C11H12N2O2
Serotonin,C10H12N2O
dAMP,C10H14N5O6P
L-2-Aminoadipate,C6H11NO4
Ala-Gly,C5H10N2O3
Spermidine,C7H19N3
Thiamin,C12H16N4OS
L-Threonine,C4H9NO3
D-Glucosamine,C6H13NO5
gamma-L-Glutamyl-L-cysteine,C8H14N2O5S
S-Adenosyl-L-homocysteine,C14H20N6O5S
1-Aminocyclopropane-1-carboxylate,C4H7NO2
L-Alanine,C3H7NO2
L-Ornithine,C5H12N2O2
Glutathione disulfide,C20H32N6O12S2
Taurine,C2H7NO3S
meso-2_6-Diaminoheptanedioate,C7H14N2O4
thymine,C5H6N2O2
4-Aminobenzoate,C7H7NO2
AMP,C10H14N5O7P
L-Lysine,C6H14N2O2
L-Asparagine,C4H8N2O3
Glycylglycine,C4H8N2O3
dCMP,C9H14N3O7P
Phenylhydrazine,C6H8N2
riboflavin,C17H20N4O6
L-Noradrenaline,C8H11NO3
L-Serine,C3H7NO3
L-Aspartate,C4H7NO4
L-Cystine,C6H12N2O4S2
Selenomethionine,C5H11NO2Se
dGMP,C10H14N5O7P
Dopamine,C8H11NO2
Glycerol,C3H8O3
Bis-gamma-glutamylcystine,C16H26N4O10S2
L-Homocysteine,C4H9NO2S
1_3-Diaminopropane,C3H10N2
Ethanolamine phosphate,C2H8NO4P
L-2_4-Diaminobutanoate,C4H10N2O2
5-Methoxytryptamine,C11H14N2O
FAD,C27H33N9O15P2
Menadione,C11H8O2
L-Cystine,C6H12N2O4S2
L-Cystathionine,C7H14N2O4S
1-Naphthylacetic acid,C12H10O2
L-2_3-Diaminopropanoate,C3H8N2O2
Glycine,C2H5NO2
Putrescine,C4H12N2
L-cysteine,C3H7NO2S
Uracil,C4H4N2O2
Biotin,C10H16N2O3S
Biopterin,C9H11N5O3
agmatine,C5H14N4
D-Glucosamine-6-phosphate,C6H14NO8P
Dihydrolipoamide,C8H17NOS2

